Label,# Samples,Average,Min,Max,Std. Dev.,Error %,Throughput,Received KB/sec,Sent KB/sec,Avg. Bytes
Ana Sayfa Request,326,1194,286,2544,544.68,10.736%,1.38147,190.00,0.20,140832.6
Neden Sayfası Request,1000,3721,132,6703,1128.89,90.700%,4.20969,108.12,0.71,26299.2
İs Dünyası Sayfası Request,1000,3768,134,6977,1155.87,90.900%,4.18363,108.90,0.74,26654.8
Yaşam Sayfası Request,1000,3790,140,6945,1173.15,90.900%,4.16573,105.42,0.72,25914.2
Hakkımızda Sayfası Request,1000,3785,139,7417,1205.24,90.600%,4.15695,46.02,0.76,11336.1
İletişim Sayfası Requesst,1000,3580,183,7003,1181.38,90.400%,4.15679,45.58,0.62,11228.8
TOTAL,5326,3574,132,7417,1294.77,85.805%,22.00781,594.58,3.71,27665.1
