Label,# Samples,Average,Min,Max,Std. Dev.,Error %,Throughput,Received KB/sec,Sent KB/sec,Avg. Bytes
Ana Sayfa Request,1892,4093,40,6158,819.88,96.882%,3.20825,152.46,0.50,48661.3
Neden Sayfası Request,2000,9760,46,12374,1803.71,98.450%,3.36543,86.90,0.94,26441.8
İs Dünyası Sayfası Request,2000,9880,0,28775,1857.15,99.000%,3.34655,91.44,0.96,27978.7
Yaşam Sayfası Request,2000,10647,0,51682,5198.09,100.000%,3.36363,103.67,0.93,31559.2
Hakkımızda Sayfası Request,2000,9885,45,21089,1772.05,99.250%,3.54106,41.57,1.04,12020.8
İletişim Sayfası Requesst,2000,9778,2,22122,2213.78,98.700%,3.65490,45.35,1.04,12704.7
TOTAL,11892,9052,0,51682,3446.13,98.730%,19.74248,508.22,5.21,26360.4
