Label,# Samples,Average,Min,Max,Std. Dev.,Error %,Throughput,Received KB/sec,Sent KB/sec,Avg. Bytes
Ana Sayfa Request,1682,8018,31,12847,2830.99,94.471%,2.76538,368.59,0.41,136486.0
Neden Sayfası Request,2500,16092,0,26179,7198.74,96.720%,4.03764,206.55,0.98,52383.6
İs Dünyası Sayfası Request,2500,16184,0,26467,7035.48,97.320%,3.98200,206.47,1.00,53094.9
Yaşam Sayfası Request,2500,16119,0,26769,7032.87,97.480%,3.94492,198.87,0.96,51621.7
Hakkımızda Sayfası Request,2500,15790,0,26306,7112.18,97.680%,3.92139,85.99,0.99,22455.9
İletişim Sayfası Requesst,2500,15504,0,40381,7138.80,97.960%,3.90999,85.19,0.95,22310.6
TOTAL,14182,14999,0,40381,7214.29,97.081%,22.13848,1119.30,5.20,51772.4
